{"cameraMode":{"drawMode":0,"name":"Shaded","section":"Shading Mode"},"sceneLighting":true,"audioPlay":true,"sceneViewState":{"showFog":true,"showMaterialUpdate":false,"showSkybox":true,"showFlares":true,"showImageEffects":true,"showParticleSystems":true},"in2DMode":false,"pivot":{"x":286.716552734375,"y":-349.4331359863281,"z":-528.698486328125},"rotation":{"x":-0.0037122389767318966,"y":-0.9722027778625488,"z":0.23360051214694978,"w":-0.0154545484110713},"size":1041.849609375,"orthographic":false}