{"cameraMode":{"drawMode":0,"name":"Shaded","section":"Shading Mode"},"sceneLighting":false,"audioPlay":false,"sceneViewState":{"showFog":true,"showMaterialUpdate":false,"showSkybox":true,"showFlares":true,"showImageEffects":true,"showParticleSystems":true},"in2DMode":false,"pivot":{"x":-0.07036563754081726,"y":7.3712921142578129,"z":-0.30755773186683657},"rotation":{"x":-0.35209229588508608,"y":-0.2807457149028778,"z":0.11158385127782822,"w":-0.8858679533004761},"size":15.919879913330079,"orthographic":false}